tech_id,technology_name,category,problem_addressed,trl_basis,market_growth_rationale,strategic_fit_rationale,cost_rationale,reg_rationale,feasibility_rationale,competitive_rationale,revenue_rationale,ip_rationale,sustainability_rationale,partnership_opportunities,evidence_source,confidence
T01,AI/ML for Predictive Maintenance,Digital / Analytics,Unplanned outages and reactive maintenance on nuclear plant equipment drive cost and safety risk; condition-based monitoring aims to predict component failure before it happens.,"ESTIMATED — predictive maintenance ML is in operational pilots at multiple utilities globally (e.g., EPRI-supported programs); not yet universal fleet-wide deployment.","ESTIMATED — broad cross-industry adoption trend (oil & gas, aviation, power) supports high growth; IAEA NTR 2025 flags AI in nuclear power/fuel cycle as an active growth area.",Directly named in Kinectrics' own listed innovation focus areas (AI-ML).,"ESTIMATED — primarily software/data-integration cost against existing sensor infrastructure, not new capital plant.","ESTIMATED — decision-support tool, not a safety-system modification; lower regulatory bar than physical plant changes.","ESTIMATED — mature ML tooling (regression, anomaly detection, survival models) is directly transferable from other industrial domains.","ESTIMATED — many vendors (GE, Siemens, EPRI-affiliated startups) already active in industrial predictive maintenance.","ESTIMATED — value comes from avoided-outage cost savings, not new revenue.",ESTIMATED — mostly applied use of existing ML techniques; limited novel IP unless combined with proprietary failure-mode data.,"ESTIMATED — indirect, via extended asset life and reduced waste from failed components.","EPRI, utility operators, university ML labs (e.g., UOIT/Ontario Tech nuclear engineering programs).",IAEA Nuclear Technology Review 2025 (AI in nuclear power/fuel cycle section),ESTIMATED
T08,Advanced Sensor Technologies (Radiation & Structural),Materials Science,"Existing radiation and structural-health sensors have limits on precision, durability in high-radiation fields, or real-time data output.",ESTIMATED — advanced solid-state radiation sensors and fiber-optic structural sensors are in active commercial and pilot use across the nuclear and broader energy sector.,"ESTIMATED — sensor technology is a foundational enabler for several other items on this list (digital twins, predictive maintenance), supporting cross-cutting demand.",Directly named in Kinectrics' listed focus areas (novel sensor technologies).,ESTIMATED — sensor hardware costs are relatively modest versus plant-level capital projects.,"ESTIMATED — sensors used for safety-basis monitoring require qualification, but this is a well-trodden regulatory path.",ESTIMATED — mature sensor engineering discipline with established radiation-hardening techniques.,ESTIMATED — established instrumentation vendors already serve this space.,"ESTIMATED — enables cost savings across multiple downstream applications (maintenance, safety monitoring).",ESTIMATED — sensor design and radiation-hardening approaches can be patented.,"ESTIMATED — indirect, via better asset monitoring and life extension.","Instrumentation vendors, university engineering-physics departments.",Kinectrics public job posting focus-area list; general nuclear instrumentation industry knowledge,ESTIMATED
T12,Small Modular Reactors (SMRs),Reactor Technology,"Need for lower-capital, faster-to-build, more flexible nuclear generation than large conventional reactors, including for remote/off-grid and industrial-heat applications.","VERIFIED — OECD NEA's SMR Dashboard (3rd Edition, published 2025) tracked 127 distinct SMR designs globally, with 74 analyzed in depth and 51 in pre-licensing/licensing; Ontario Power Generation's Darlington New Nuclear Project (GE Hitachi BWRX-300) is a publicly documented Canadian SMR build in progress.",VERIFIED — OECD NEA reported an 81% increase in SMR designs with secured funding/funding announcements between the 2024 and 2025 editions of the SMR Dashboard.,"Directly named in Kinectrics' listed focus areas (advanced fission/SMRs); Ontario is a live, publicly reported Canadian SMR market.","ESTIMATED — SMR first-of-a-kind capital costs are widely reported as high, with cost reduction expected only after fleet learning effects.","ESTIMATED — new reactor designs require full CNSC licensing review, one of the most complex regulatory pathways available.","ESTIMATED — several designs are past first-of-a-kind construction start (e.g., Darlington BWRX-300), but fleet-scale deployment is still unproven.","VERIFIED — 127 competing SMR designs globally per the OECD NEA Dashboard indicates a highly competitive, fragmented field.",ESTIMATED — large potential generation-revenue and export/technology-licensing opportunity if Canadian designs succeed.,ESTIMATED — reactor design and fuel-cycle IP is a core commercial asset for SMR vendors.,"ESTIMATED — low-carbon firm power generation, though waste and siting concerns remain part of the sustainability conversation.","Ontario Power Generation, GE Hitachi, CNSC, CNL.","OECD NEA Small Modular Reactor Dashboard, 3rd Edition (2025); public reporting on OPG's Darlington New Nuclear Project",VERIFIED
T02,Robotic Nuclear Inspection Systems,Robotics / Inspection,"In-service inspection of reactor components, steam generators, and high-radiation areas is dangerous and time-consuming for human workers.","ESTIMATED — remote-crawler and manipulator-arm inspection tools are commercially deployed today at multiple nuclear utilities (e.g., steam generator inspection robots).",ESTIMATED — aging fleet life-extension programs globally increase demand for in-service inspection.,Directly named in Kinectrics' listed focus areas (robotic inspection tools).,ESTIMATED — specialized hardware plus qualification/certification cost for radiation-hardened tooling.,"ESTIMATED — inspection tooling must be qualified for use in licensed areas, but does not itself change plant safety basis.","ESTIMATED — well-established robotics discipline (crawlers, manipulators) adapted for radiation environments.","ESTIMATED — established specialist vendors (e.g., Zetec-type NDE/inspection companies) already serve this market.","ESTIMATED — cost avoidance via reduced outage duration and dose exposure, plus potential inspection-as-a-service revenue.",ESTIMATED — mechanical/robotics design and radiation-hardening approaches can be patentable.,ESTIMATED — primarily a worker-safety and asset-life benefit rather than a direct environmental one.,"NDE/inspection vendors, CNSC (qualification pathway), Canadian Nuclear Laboratories (CNL).",Kinectrics public job posting focus-area list; general robotics-in-nuclear industry literature,ESTIMATED
T04,Digital Twins for Nuclear Plants,Digital / Analytics,"Plant operators lack a continuously-updated virtual model that mirrors real asset condition for simulation, training, and life-extension planning.",ESTIMATED — pilot and early-deployment stage across the power sector; nuclear-specific full-plant digital twins are less mature than component-level twins.,ESTIMATED — digital twin adoption is a named growth theme across industrial sectors and explicitly discussed in IAEA's AI-in-nuclear coverage.,Directly named in Kinectrics' listed focus areas (digital twins).,"ESTIMATED — requires significant data integration, modeling, and possibly new instrumentation.","ESTIMATED — a decision-support model, but higher scrutiny if used to justify life-extension safety cases.",ESTIMATED — technically feasible but data integration across legacy plant systems is a real barrier.,"ESTIMATED — major vendors (Siemens, GE, Dassault) offer general digital-twin platforms; nuclear-specific players are fewer.","ESTIMATED — value via extended asset life, optimized maintenance scheduling, and training cost reduction.",ESTIMATED — the underlying modeling framework and calibration methodology can be proprietary.,"ESTIMATED — supports life extension, reducing need for new-build carbon/material footprint.","Digital-twin platform vendors, university simulation labs, CNL.",IAEA Nuclear Technology Review 2025 (AI/digital tools section),ESTIMATED
T03,Inspection & Survey Drones (UAV/UUV),Robotics / Inspection,"Visual and radiological survey of tall structures (stacks, cooling towers), spent-fuel pools, and post-accident sites is hazardous or inaccessible for humans.","VERIFIED — aerial and underwater drones have been publicly documented in use for radiological survey at damaged sites (e.g., Fukushima Daiichi surveys) and are commercially mature in other infrastructure-inspection sectors.",ESTIMATED — commercial drone industry growth plus increasing acceptance for confined-space/radiological survey work.,Directly named in Kinectrics' listed focus areas (drones).,ESTIMATED — commercial drone hardware is low-cost relative to plant capital; main cost is radiation-hardened sensor payloads and licensing.,ESTIMATED — subject to aviation regulation (Transport Canada) plus site radiological work-control procedures.,ESTIMATED — commercial UAV/UUV platforms are mature; nuclear-specific adaptation is mainly sensor payload and shielding.,ESTIMATED — several commercial drone-inspection firms already serve energy infrastructure broadly.,ESTIMATED — cost avoidance via reduced scaffolding/outage time and dose exposure.,ESTIMATED — payload/shielding integration may be patentable; base platform typically is not proprietary.,"ESTIMATED — indirect, via reduced need for physical access infrastructure.","Commercial drone-services firms, Transport Canada (airspace approvals), site operators.",Public reporting on Fukushima Daiichi drone/robot survey programs (IAEA and international media coverage),ESTIMATED
T06,Additive Manufacturing (AM) for Nuclear Components,Advanced Manufacturing,"Long lead times and obsolescence risk for spare parts, especially for aging CANDU-fleet components no longer in standard production.",ESTIMATED — 3D-printed metal components have been qualified/installed in a small number of commercial reactors internationally; broader qualification for safety-critical parts is still progressing.,ESTIMATED — AM adoption is growing across aerospace/energy; nuclear-specific qualification pathways are the main gating factor.,Directly named in Kinectrics' listed focus areas (Additive Manufacturing).,"ESTIMATED — equipment capital cost is significant, but savings on obsolete-part sourcing can offset it over time.","ESTIMATED — qualifying AM parts for safety-critical, code-stamped nuclear applications is one of the more regulator-intensive paths on this list.","ESTIMATED — material qualification (porosity, fatigue behavior) for nuclear-grade alloys remains an active R&D question.",ESTIMATED — fewer specialized players actively pursuing nuclear-qualified AM versus general industrial AM.,ESTIMATED — cost avoidance on obsolete parts sourcing; possible new parts-supply revenue line.,ESTIMATED — qualification methodology and material formulations are strong IP candidates.,ESTIMATED — reduces material waste vs. subtractive manufacturing and avoids scrapping components for lack of spares.,"Materials-science university labs, CNL, AM equipment vendors.",IAEA Nuclear Technology Review 2025 (fuel cycle / manufacturing innovation sections); general public reporting on AM pilot use in commercial reactors,ESTIMATED
T09,Medical Isotope Production,Medical / Isotopes,"Global supply reliability for medical isotopes (e.g., Mo-99/Tc-99m generators, Lu-177) used in diagnostics and cancer therapy, especially after past reactor-supply disruptions.","VERIFIED — Canada has a long, publicly documented history in medical isotope production (historically via the NRU reactor at Chalk River) and continues isotope-related work; this is an operating, commercial-scale technology area, not early-stage.","ESTIMATED — global demand for cancer-therapy isotopes (e.g., Lu-177, Ac-225) is a widely reported growth area in nuclear medicine.",Directly named in Kinectrics' listed focus areas (medical isotopes); Kinectrics' own materials reference nuclear-medicine relevance.,"ESTIMATED — isotope production requires reactor or cyclotron infrastructure, a very high fixed-capital category relative to most items on this list.","ESTIMATED — radioisotope production and medical supply chains are among the most heavily regulated categories (CNSC, Health Canada).","ESTIMATED — mature for established isotopes; newer therapeutic isotopes (e.g., Ac-225) still face supply-scaling challenges publicly reported in industry coverage.",ESTIMATED — a small number of global producers dominate this market; moderate rather than high competitive intensity.,ESTIMATED — direct commercial product with established global demand.,ESTIMATED — separation/production process improvements can be patented; the isotopes themselves are not.,ESTIMATED — primarily a health-outcomes benefit rather than an environmental-sustainability one.,"Canadian Nuclear Laboratories, hospital/oncology networks, Health Canada.",Public historical record of Canada's NRU reactor medical-isotope role; general nuclear-medicine industry reporting,ESTIMATED
T11,Decommissioning Technologies,Waste & Decommissioning,"Safe, cost-effective dismantling and site restoration of retired reactors and nuclear facilities, including remote segmentation of activated components.","ESTIMATED — decommissioning techniques (remote cutting/segmentation, decontamination) are in active commercial use internationally; Canada has ongoing decommissioning work (e.g., early Candu-fleet retirements, Chalk River legacy sites).",ESTIMATED — a wave of first-generation reactor retirements globally is a widely reported industry growth driver for decommissioning services.,Directly named in Kinectrics' listed focus areas (decommissioning technologies).,"ESTIMATED — decommissioning projects are typically large, multi-year capital programs.","ESTIMATED — heavily regulated due to worker dose limits, waste characterization, and site-release requirements.","ESTIMATED — established internationally, though facility-specific engineering challenges remain significant.",ESTIMATED — a relatively small set of specialized decommissioning contractors globally.,"ESTIMATED — decommissioning-as-a-service is a real, growing revenue category as more reactors retire.",ESTIMATED — process/engineering know-how rather than patentable product IP in most cases.,ESTIMATED — site restoration and material recycling/reuse have direct environmental benefit.,"Canadian Nuclear Laboratories, decommissioning contractors, CNSC.",CNSC public regulatory oversight reports on decommissioning sites; general industry knowledge of the global decommissioning wave,ESTIMATED
T05,VR/AR Workforce Training,Digital / Analytics,Hands-on training in live radiological environments is limited by dose constraints and outage scheduling; skilled-worker pipeline is also a known industry concern.,ESTIMATED — VR/AR training is commercially available and already used for industrial and some nuclear-adjacent training programs.,ESTIMATED — steady rather than explosive growth; well-established EdTech/training-tech category.,Directly named in Kinectrics' listed focus areas (VR/AR workforce training); also aligns with stated co-op training/mentorship culture.,ESTIMATED — hardware (headsets) is commodity-priced; main cost is content/scenario development.,"ESTIMATED — training tool, not a plant safety system; minimal regulatory burden.",ESTIMATED — mature consumer/enterprise VR hardware and content pipelines.,ESTIMATED — established industrial-training VR vendors already operate in energy and manufacturing.,"ESTIMATED — cost avoidance (reduced dose, reduced outage-time training) rather than new revenue.",ESTIMATED — training-scenario content can be proprietary; underlying platform typically is not.,ESTIMATED — minimal direct sustainability impact.,"Colleges/universities with VR labs, industrial-training VR vendors.",Kinectrics public job posting focus-area list,ESTIMATED
T13,"Advanced Fission (Generation IV, non-SMR)",Reactor Technology,"Conventional light-water reactor designs have limits on fuel efficiency, waste volume, and operating temperature for industrial-heat applications; Gen IV designs (molten salt, sodium-cooled fast, high-temperature gas) target these gaps.","ESTIMATED — most Generation IV concepts remain at demonstration/pre-commercial stage globally; Canadian company Terrestrial Energy's Integral Molten Salt Reactor is a publicly known example in development, not yet operating commercially.",ESTIMATED — longer-horizon growth category than SMRs; IAEA NTR 2025 covers fast-reactor and advanced fuel-cycle development as an active but earlier-stage global research area.,Directly named in Kinectrics' listed focus areas (advanced fission reactors).,ASSUMPTION — early-stage reactor technologies typically carry high first-of-a-kind engineering and licensing costs; no specific public figure verified for this research pass.,"ESTIMATED — novel reactor chemistries/coolants (e.g., molten salt) require new regulatory frameworks beyond existing light-water precedent.",ESTIMATED — significant unresolved engineering questions remain for most Gen IV coolant/fuel combinations at commercial scale.,ESTIMATED — a defined but growing set of global players (including Canadian firms) pursuing distinct Gen IV concepts.,"ESTIMATED — potential for industrial-heat and high-efficiency generation revenue if commercialized, but distant.",ESTIMATED — core reactor and fuel-cycle chemistry IP is central to competitive position in this category.,"ESTIMATED — several Gen IV concepts target reduced waste volume/longevity versus current fleet, a commonly cited sustainability rationale.","Terrestrial Energy, university reactor-physics departments, CNL.",IAEA Nuclear Technology Review 2025 (fast reactors / advanced fuel cycle sections); public information on Terrestrial Energy's IMSR program,ESTIMATED
T07,Smart Materials & Advanced Sensor Coatings,Materials Science,"Detecting corrosion, cracking, or radiation damage in structural materials early enough to act before failure.",ASSUMPTION — self-sensing/smart-material research for nuclear structural applications is largely at lab/demonstration stage; no strong public evidence of widespread commercial deployment.,"ASSUMPTION — plausible long-term growth given broader materials-science trends, but nuclear-specific market data was not found in this research pass.",Directly named in Kinectrics' listed focus areas (smart materials).,ASSUMPTION — R&D-stage materials typically carry high initial cost until manufacturing scales.,ASSUMPTION — new structural/coating materials in safety-relevant applications require significant qualification testing.,ASSUMPTION — feasible in principle but nuclear radiation environments add qualification difficulty beyond standard materials testing.,ASSUMPTION — fewer nuclear-specific commercial players than in software/robotics categories.,ASSUMPTION — primarily cost avoidance via earlier failure detection.,ASSUMPTION — novel material formulations are strong patent candidates.,ASSUMPTION — extending component life reduces waste and replacement-material demand.,"University materials-science departments, national labs.",Kinectrics public job posting focus-area list only — no independent technology-specific public source verified in this research pass,ASSUMPTION
T14,Fusion Energy Technologies,Reactor Technology,"Achieving net-positive, commercially viable fusion power generation as a long-horizon clean firm-power source.","ESTIMATED — global fusion remains pre-commercial; ITER (international) and private ventures (including Canada's General Fusion) are at experimental/demonstration stages, not commercial generation.","ESTIMATED — fusion has seen a well-reported surge in private investment globally over the past several years, though timelines to commercial power remain long and debated.","Directly named in Kinectrics' listed focus areas (advanced fusion reactors), though furthest from near-term commercial relevance of anything on this list.",ASSUMPTION — fusion R&D programs are capital-intensive; specific cost figures were not independently verified in this research pass.,"ASSUMPTION — fusion carries different (generally lower) radiological safety-case complexity than fission, though this is a developing regulatory area in Canada and internationally.",ESTIMATED — sustained net-positive commercial fusion power has not yet been demonstrated publicly by any program as of this research.,"ESTIMATED — a growing but still limited global field of both public (ITER) and private fusion ventures, including Canada's own General Fusion.","ASSUMPTION — transformative if achieved, but timeline is too distant for near-term revenue modeling.",ESTIMATED — confinement and plasma-control IP is a central competitive asset for fusion ventures.,ESTIMATED — widely cited as a potential long-term clean-energy solution with minimal long-lived waste versus fission.,"General Fusion (Canadian), university plasma-physics departments, ITER-affiliated research networks.",IAEA Nuclear Technology Review 2025 (fusion research and technology development section); public information on General Fusion,ESTIMATED
T10,Nuclear Waste Management Technologies,Waste & Decommissioning,"Long-term safe storage/disposal of used nuclear fuel and other radioactive waste, including siting and containment technology for permanent repositories.","VERIFIED — Canada's Nuclear Waste Management Organization (NWMO) is in an active site-selection and engineering process for a deep geological repository, a publicly documented, multi-decade national program.","ESTIMATED — steady, policy-driven demand rather than fast commercial growth; tied to national waste-management timelines.",Directly named in Kinectrics' listed focus areas (nuclear waste management technologies).,"ESTIMATED — deep geological repository programs are multi-billion-dollar, decades-long national infrastructure projects (publicly known NWMO program characteristics).",ESTIMATED — among the most regulator- and public-consultation-intensive categories in the entire nuclear sector.,"ESTIMATED — geological repository engineering is well studied internationally (e.g., Finland's Onkalo), though Canada-specific implementation is still in progress.","ESTIMATED — effectively a single-national-program space in Canada (NWMO), not a competitive commercial market.",ESTIMATED — value is risk/liability reduction and regulatory compliance rather than new revenue.,"ESTIMATED — engineering/containment methodology may be patentable but is largely a services/engineering opportunity, not a product IP play.",ESTIMATED — directly addresses one of the nuclear sector's most cited sustainability/public-trust concerns.,"NWMO, CNSC, geotechnical engineering firms, host-community organizations.","NWMO public program materials (deep geological repository); general public knowledge of international analogs (e.g., Finland's Onkalo)",ESTIMATED
